,page_number,document_label,lender,maximum_principal_amount,maturity_date
0,0,first,EVERBANK REVERSE MORTGAGE,470250.0,2087-07-14
1,1,first,MORTGAGE SHOP,132750.0,2091-07-31
2,2,second,SECRETARY OF HOUSING,330000.0,2087-11-12
3,3,second,SECRETARY OF HOUSING,168000.0,2092-07-21
4,4,second,SECRETARY OF HOUSING,,
5,5,first,EVERBANK REVERSE MORTGAGE,,
6,6,second,SCCRETARY OF HOUSING,303000.0,2089-11-29
7,7,first,EVERBANK REVERSE MORTGAGE,517275.0,2093-09-02
8,8,first,EVERBANK REVERSE MORTGAGE,196500.0,2090-08-09
9,9,first,EVERBANK REVERSE MORTGAGE,,
10,10,first,PACIFIC REVERSE MORTGAGE,,
11,11,first,METLIFE BANK,,
12,12,first,EVERBANK REVERSE MORTGAGE,187500.0,
13,13,second,SECRETARY OF HOUSING,,2093-04-23
14,14,first,SECRETARY OF HOUSING,,
15,15,first,EVERBANK REVERSE MORTGAGE,135000.0,2092-04-30
16,16,second,SECRETARY OF HOUSING,348457.0,2090-01-13
17,17,second,SECRETARY OF HOUSING,,
18,18,first,CONTINENTAL HOMELOANS,,
19,19,second,SECRETARY OF HOUSING,,2087-10-05
20,20,first,ACADEMY MORTGAGE,,
21,21,first,METLIFE BANK,,2021-06-10
22,22,first,SECRETARY OF HOUSING,,
23,23,first,METLIFE BANK,,
24,24,first,SEERETARY OF HOUSING,190500.0,
25,25,second,SECRETARY OF HOUSING,,
26,26,first,SECRETARY OF HOUSING,,
27,27,first,EVERBANK REVERSE MORTGAGE,135000.0,2092-04-30
28,28,first,METLIFE BANK,,
29,29,first,EVERBANK REVERSE MORTGAGE,,
30,30,first,LIBERTY REVERSE MORTGAGE,286500.0,2091-09-07
31,31,first,FIRST REVERSE FINANCIAL SERVICES,180000.0,2088-04-22
32,32,first,WILMINGTON SAVINGS FUND SOCIETY,,
33,33,second,SECRETARY OF HOUSING,255000.0,2090-04-26
34,34,second,SECRETARY OF HOUSING,544185.0,2094-01-26
35,35,second,SEORETARY OF HOUSING,300000.0,
36,36,second,SECRETARY OF HOUSING,,
37,37,first,METLIFE BANK,,2021-06-10
38,38,second,SECRETARY OF HOUSING,,
39,39,second,SECRETARY OF HOUSING,,
40,40,first,METLIFE BANK,,2021-06-10
41,41,second,SECRETARY OF HOUSING,,
42,42,first,CENT PY PACIFIC REVERSE MORTGAGE,,2087-10-05
43,43,first,PACIFIC REVERSE MORTGAGE,,
44,44,second,SECRETARY OF HOUSING,353400.0,2093-05-05
45,45,second,SECRETARY OF HOUSING,,
46,46,second,SECRETARY OF HOUSING,,2088-08-12
47,47,second,SECRETARY OF HOUSING,180000.0,2088-04-22
48,48,first,LIBERTY REVERSE MORTGAGE,353400.0,2093-05-05
49,49,second,SCERETARY OF HOUSING,,2092-06-06
50,50,first,,412800.0,
51,51,second,SECRETARY OF HOUSING,544185.0,2089-03-19
52,52,first,EVERBANK REVERSE MORTGAGE,,
53,53,second,SECRETARY OF HOUSING,,2095-06-30
54,54,first,EVERBANK REVERSE MORTGAGE,,
55,55,first,BNY MORTGAGE COMPANY,,
56,56,first,EVERBANK REVERSE MORTGAGE,,
57,57,first,ACADEMY MORTGAGE,,
58,58,second,SECRETARY OF HOUSING,495000.0,2091-10-29
59,59,first,EVERBANK REVERSE MORTGAGE,363375.0,2096-09-10
60,60,first,EVERBANK REVERSE MORTGAGE,,2090-03-21
61,61,second,SECRETARY OF HOUSING,,
62,62,second,SECRETARY OF HOUSING,472500.0,
63,63,first,EVERBANK REVERSE MORTGAGE,,
64,64,first,EVERBANK REVERSE MORTGAGE,,
65,65,first,METLIFE BANK,,
66,66,first,EVERBANK REVERSE MORTGAGE,160500.0,2095-01-22
67,67,first,ACADEMY MORTGAGE PROPERTY ADDRESS,,2086-11-01
68,68,first,EVERBANK REVERSE MORTGAGE,,
69,69,first,EVERBANK REVERSE MORTGAGE,517275.0,2093-09-02
70,70,first,PACIFIC REVERSE MORTGAGE,,2084-10-28
71,71,first,LIBERTY REVERSE MORTGAGE,,2093-05-05
72,72,second,SECRETARY OF HOUSING,348457.0,2090-01-13
73,73,second,SECRETARY OF HOUSING,,
74,74,second,SECRETARY OF HOUSING,470250.0,2083-07-15
75,75,second,SECRETARY OF HOUSING,348457.0,
76,76,first,EVERBANK REVERSE MORTGAGE,135000.0,2092-04-30
77,77,first,EVERBANK REVERSE MORTGAGE,354000.0,2095-06-21
78,78,first,ACADEMY MORTGAGE,,
79,79,second,SCCRETARY OF HOUSING,279000.0,2091-11-20
80,80,second,SECRETARY OF HOUSING,,2021-05-25
81,81,second,SECRETARY OF HOUSING,,2094-04-19
82,82,second,SECRETARY OF HOUSING,544185.0,
83,83,second,SHED,244500.0,
84,84,first,PACIFIC REVERSE MORTGAGE,,2021-06-19
85,85,second,SECRETARY AF HOUSI IG,,
86,86,first,PACIFIC REVERSE MORTGAGE,502500.0,2081-03-13
87,87,first,AMERICAN HOME BANK,,
88,88,first,METLIFE BANK,300000.0,
89,89,first,METLIFE BANK,198000.0,2021-06-10
90,90,second,SECRETARY OF HOUSING,309000.0,2089-12-09
91,91,first,METLIFE BANK,,
92,92,second,SECRETARY OF HOUSING,,2091-01-19
93,93,first,EVERBANK REVERSE MORTGAGE,,
94,94,second,SECRETARY OF HOUSING,,
95,95,second,SECRETARY OF HOUSING,424500.0,
96,96,first,FEDERAL MORTGAGE,544185.0,
97,97,first,ACADEMY MORTGAGE,,
98,98,first,METLIFE BANK,300000.0,2021-06-25
99,99,second,SECREIARY OF,,
100,100,second,SECRETARY OF HOUSING,,2081-09-28
101,101,first,EVERBANK REVERSE MORTGAGE,,2087-04-20
102,102,first,,,
103,103,first,EVERBANK REVERSE MORTGAGE,439027.0,2090-04-16
104,104,first,PACIFIC REVERSE MORTGAGE,240000.0,2092-11-26
105,105,first,EVERBANK REVERSE MORTGAGE,397500.0,
106,106,second,SECRETARY OF HOUSING,,
107,107,first,METLIFE BANK,,
108,108,first,EVERBANK REVERSE MORTGAGE,465000.0,2092-09-29
109,109,first,EVERBANK REVERSE MORTGAGE,,
110,110,second,SECRETARY OF HOUSING,,
111,111,second,SECRETARY OF HOUSING,,2086-03-25
112,112,second,SECRETARY OF HOUSING,,2095-06-30
113,113,first,METLIFE BANK,,
114,114,second,SECRETARY OF HOUSING,,
115,115,second,SECRETARY OF HOUSING,,2089-06-09
116,116,first,SECRETARY OF HOUSING ANC URBAN DEVELOPMENT,,
117,117,second,SECRETARY OF HOUSING,253500.0,2092-02-06
118,118,second,SECRETARY OF HOUSING,,2089-03-23
119,119,first,EVERBANK REVERSE MORTGAGE,,
120,120,second,SECRETARY OF HOUSING,,2091-01-19
121,121,second,SECRETARY OF HOUSING,,2085-01-13
122,122,second,SECRETARY OF HOUSING,,
123,123,second,SECRETARY OF HOUSING,,
124,124,second,SEORETARY OF HOUSING,,
125,125,second,SECRETARY OF HOUSING,196500.0,
126,126,first,AMERICAN HOME BANK,472500.0,
127,127,first,EVERBANK REVERSE MORTGAGE,,
128,128,first,EVERBANK REVERSE MORTGAGE,,2093-08-14
129,129,first,BNY MORTGAGE COMPANY,,
130,130,first,EVERBANK REVERSE MORTGAGE,279000.0,2091-11-20
131,131,first,AMERICAN HOME BANK,,2096-06-28
132,132,first,WALUE FINANCIAL MORTGAGE SERVICES,,2094-08-07
133,133,first,MORTGAGE NETWORK,132000.0,2093-02-19
134,134,first,EVERBANK REVERSE MORTGAGE,,
135,135,first,CITIZENS MORTGAGE CORP,172500.0,2092-10-14
136,136,second,SECRETARY OF HOUSING,300000.0,2095-06-25
137,137,second,SECRETARY OF HOUSING,,2093-08-09
138,138,first,LIBERTY REVERSE MORTGAGE,,
139,139,second,SECRETARY OF HOUSING,274500.0,2088-09-03
140,140,first,EXSERBANK REVERSE MORTGAGE,,2083-09-01
141,141,first,EVERBANK REVERSE MORTGAGE,,
142,142,first,PACIFIC REVERSE MORTGAGE,,
143,143,second,SECRETARY OF HOUSING,544185.0,
144,144,second,SECRETARY OF HOUSING,,2092-02-06
145,145,first,METLIFE BANK,,
146,146,first,,,2096-02-18
147,147,first,METLIFE BANK,375000.0,
148,148,second,SECRETARY OF HOUSING,,2091-05-15
